{"age": {"mean": 43.22509297318457, "std": 22.61459847163008}, "hypertension": {"mean": 0.09747504403992954, "std": 0.29663257162781625}, "heart_disease": {"mean": 0.0540223135642983, "std": 0.22608385143795806}, "avg_glucose_level": {"mean": 106.13590526521826, "std": 45.28017232587605}, "bmi": {"mean": 28.94054805245645, "std": 7.76356514671483}, "gender_Male": {"mean": 0.4137796046192993, "std": 0.4925581497646043}, "gender_Other": {"mean": 0.00019573302016050108, "std": 0.013990461756514722}, "ever_married_Yes": {"mean": 0.6560970835779996, "std": 0.47505565264517197}, "work_type_Never_worked": {"mean": 0.004306126443531024, "std": 0.06548605274857644}, "work_type_Private": {"mean": 0.5723233509493052, "std": 0.4947901087608074}, "work_type_Self-employed": {"mean": 0.16030534351145037, "std": 0.3669249141875637}, "work_type_children": {"mean": 0.13446858485026425, "std": 0.34118846659184043}, "Residence_type_Urban": {"mean": 0.5081229203366608, "std": 0.49998294779184327}, "smoking_status_formerly smoked": {"mean": 0.17302798982188294, "std": 0.37830849494142016}, "smoking_status_never smoked": {"mean": 0.37032687414366805, "std": 0.4829394696511583}, "smoking_status_smokes": {"mean": 0.15443335290663535, "std": 0.36139902733817075}, "stroke": {"mean": 0.04873752201996477, "std": 0.21533985314518492}}